{
    "version": "2.0.0",
    "tasks": [
      {
        "type": "shell",
        "label": "C/C++: g++.exe build active file",
        "command": "C:\\Program Files\\mingw-w64\\x86_64-8.1.0-posix-seh-rt_v6-rev0\\mingw64\\bin\\g++.exe",
        "args": ["-g", "${file}", "-o", "${fileDirname}\\${fileBasenameNoExtension}.exe"],
        "options": {
          "cwd": "${workspaceFolder}"
        },
        "problemMatcher": ["$gcc"],
        "group": {
          "kind": "build",
          "isDefault": true
        },
      }
    ]
  }